signal_id,symbol,signal_timestamp_utc,signal_timestamp_et,direction,confidence,regime_state,entry_model,entry_price,entry_filled,stop_price,stop_filled,target1_price,target2_price,actual_exit_price,outcome_type,holding_time_seconds,pnl_ticks,risk_ticks,r_multiple,mae_ticks,mfe_ticks,max_adverse_time,max_favorable_time,delta_before,delta_after,reclaim_strength,displacement_ticks,absorption_strength,volatility_state,trend_state,timeout_flag
1,ESM6,2026-05-04T19:10:38.674Z,2026-05-04T15:10:38.674000-04:00,SHORT,91.4%,TRENDING,ABSORPTION_RECLAIM,7227.25,7228.00,7238.25,7239.25,7216.25,7205.25,7227.75,TIMEOUT,1800,0.25,11.25,0.022222,3.50,4.75,180,1800,UNAVAILABLE,UNAVAILABLE,STRONG,1.25,CONFIRMED,HIGH,CONFIRMING,YES
2,ESM6,2026-05-04T19:10:39.166Z,2026-05-04T15:10:39.166000-04:00,SHORT,91.4%,BALANCE,ABSORPTION_RECLAIM,7227.00,7227.75,7238.00,7239.00,7216.00,7205.00,7227.50,TIMEOUT,1800,0.25,11.25,0.022222,3.75,4.50,180,1800,UNAVAILABLE,UNAVAILABLE,STRONG,0.75,CONFIRMED,HIGH,CONFIRMING,YES
3,ESM6,2026-05-04T19:10:39.203Z,2026-05-04T15:10:39.203000-04:00,SHORT,91.4%,TRENDING,ABSORPTION_RECLAIM,7227.25,7228.00,7238.25,7239.25,7216.25,7205.25,7227.50,TIMEOUT,1800,0.50,11.25,0.044444,3.50,4.75,180,1800,UNAVAILABLE,UNAVAILABLE,STRONG,1.25,CONFIRMED,HIGH,CONFIRMING,YES
4,ESM6,2026-05-04T19:10:54.697Z,2026-05-04T15:10:54.697000-04:00,SHORT,91.4%,TRENDING,ABSORPTION_RECLAIM,7227.25,7228.00,7238.25,7239.25,7216.25,7205.25,7227.75,TIMEOUT,1800,0.25,11.25,0.022222,3.50,4.75,180,1800,UNAVAILABLE,UNAVAILABLE,STRONG,1.25,CONFIRMED,HIGH,CONFIRMING,YES
5,ESM6,2026-05-04T19:11:54.314Z,2026-05-04T15:11:54.314000-04:00,SHORT,91.4%,BALANCE,ABSORPTION_RECLAIM,7227.00,7227.75,7238.00,7239.00,7216.00,7205.00,7227.00,TIMEOUT,1800,0.75,11.25,0.066667,3.75,4.50,180,1800,UNAVAILABLE,UNAVAILABLE,STRONG,0.75,CONFIRMED,HIGH,CONFIRMING,YES
6,ESM6,2026-05-04T19:11:54.325Z,2026-05-04T15:11:54.325000-04:00,SHORT,91.4%,BALANCE,ABSORPTION_RECLAIM,7227.00,7227.75,7238.00,7239.00,7216.00,7205.00,7227.00,TIMEOUT,1800,0.75,11.25,0.066667,3.75,4.50,180,1800,UNAVAILABLE,UNAVAILABLE,STRONG,0.75,CONFIRMED,HIGH,CONFIRMING,YES
7,ESM6,2026-05-04T19:11:55.159Z,2026-05-04T15:11:55.159000-04:00,SHORT,91.4%,BALANCE,ABSORPTION_RECLAIM,7227.00,7227.75,7238.00,7239.00,7216.00,7205.00,7227.00,TIMEOUT,1800,0.75,11.25,0.066667,3.75,4.50,180,1800,UNAVAILABLE,UNAVAILABLE,STRONG,0.75,CONFIRMED,HIGH,CONFIRMING,YES
8,ESM6,2026-05-04T19:11:55.695Z,2026-05-04T15:11:55.695000-04:00,SHORT,91.4%,TRENDING,ABSORPTION_RECLAIM,7227.25,7228.00,7238.25,7239.25,7216.25,7205.25,7227.00,TIMEOUT,1800,1.00,11.25,0.088889,3.50,4.75,180,1800,UNAVAILABLE,UNAVAILABLE,STRONG,1.25,CONFIRMED,HIGH,CONFIRMING,YES
9,ESM6,2026-05-04T19:11:55.706Z,2026-05-04T15:11:55.706000-04:00,SHORT,91.4%,TRENDING,ABSORPTION_RECLAIM,7227.25,7228.00,7238.25,7239.25,7216.25,7205.25,7227.00,TIMEOUT,1800,1.00,11.25,0.088889,3.50,4.75,180,1800,UNAVAILABLE,UNAVAILABLE,STRONG,1.25,CONFIRMED,HIGH,CONFIRMING,YES
10,ESM6,2026-05-04T19:11:55.744Z,2026-05-04T15:11:55.744000-04:00,SHORT,91.4%,TRENDING,ABSORPTION_RECLAIM,7227.25,7228.00,7238.50,7239.50,7216.00,7204.75,7227.00,TIMEOUT,1800,1.00,11.50,0.086957,3.50,4.75,180,1800,UNAVAILABLE,UNAVAILABLE,STRONG,1.25,CONFIRMED,HIGH,CONFIRMING,YES
11,ESM6,2026-05-04T19:11:59.783Z,2026-05-04T15:11:59.783000-04:00,SHORT,91.4%,TRENDING,ABSORPTION_RECLAIM,7227.25,7228.00,7238.25,7239.25,7216.25,7205.25,7226.50,TIMEOUT,1800,1.50,11.25,0.133333,3.50,4.75,180,1800,UNAVAILABLE,UNAVAILABLE,STRONG,1.25,CONFIRMED,HIGH,CONFIRMING,YES
12,ESM6,2026-05-04T19:12:06.770Z,2026-05-04T15:12:06.770000-04:00,SHORT,91.4%,TRENDING,ABSORPTION_RECLAIM,7227.25,7228.00,7238.25,7239.25,7216.25,7205.25,7226.75,TIMEOUT,1800,1.25,11.25,0.111111,3.50,4.75,180,1800,UNAVAILABLE,UNAVAILABLE,STRONG,1.25,CONFIRMED,HIGH,CONFIRMING,YES
13,ESM6,2026-05-04T19:12:17.846Z,2026-05-04T15:12:17.846000-04:00,SHORT,91.4%,TRENDING,ABSORPTION_RECLAIM,7227.25,7228.00,7238.50,7239.50,7216.00,7204.75,7226.50,TIMEOUT,1800,1.50,11.50,0.130435,3.50,4.75,180,1800,UNAVAILABLE,UNAVAILABLE,STRONG,1.25,CONFIRMED,HIGH,CONFIRMING,YES
14,ESM6,2026-05-04T19:12:21.430Z,2026-05-04T15:12:21.430000-04:00,SHORT,91.4%,TRENDING,ABSORPTION_RECLAIM,7227.25,7228.00,7238.50,7239.50,7216.00,7204.75,7226.25,TIMEOUT,1800,1.75,11.50,0.152174,3.50,4.75,180,1800,UNAVAILABLE,UNAVAILABLE,STRONG,1.25,CONFIRMED,HIGH,CONFIRMING,YES
15,ESM6,2026-05-04T19:20:40.350Z,2026-05-04T15:20:40.350000-04:00,SHORT,91.4%,TRENDING,ABSORPTION_RECLAIM,7227.25,7228.00,7236.75,7237.75,7217.75,7208.25,7227.00,TIMEOUT,1800,1.00,9.75,0.102564,3.50,4.75,180,1800,UNAVAILABLE,UNAVAILABLE,STRONG,1.25,CONFIRMED,HIGH,CONFIRMING,YES
16,ESM6,2026-05-04T19:20:41.407Z,2026-05-04T15:20:41.407000-04:00,SHORT,91.4%,TRENDING,ABSORPTION_RECLAIM,7227.25,7228.00,7236.25,7237.25,7218.25,7209.25,7226.50,TIMEOUT,1800,1.50,9.25,0.162162,3.50,4.75,180,1800,UNAVAILABLE,UNAVAILABLE,STRONG,1.25,CONFIRMED,HIGH,CONFIRMING,YES
17,ESM6,2026-05-04T19:22:31.212Z,2026-05-04T15:22:31.212000-04:00,SHORT,91.4%,TRENDING,ABSORPTION_RECLAIM,7227.25,7228.00,7232.75,7233.75,7221.75,7216.25,7224.50,TIMEOUT,1800,3.50,5.75,0.608696,3.50,4.75,180,1800,UNAVAILABLE,UNAVAILABLE,STRONG,1.25,CONFIRMED,LOW,CONFIRMING,YES
18,ESM6,2026-05-04T19:22:35.849Z,2026-05-04T15:22:35.849000-04:00,SHORT,91.4%,TRENDING,ABSORPTION_RECLAIM,7227.25,7228.00,7232.75,7233.75,7221.75,7216.25,7224.75,TIMEOUT,1800,3.25,5.75,0.565217,3.50,4.75,180,1800,UNAVAILABLE,UNAVAILABLE,STRONG,1.25,CONFIRMED,LOW,CONFIRMING,YES
19,ESM6,2026-05-04T19:22:38.842Z,2026-05-04T15:22:38.842000-04:00,SHORT,91.4%,BALANCE,ABSORPTION_RECLAIM,7226.75,7227.50,7232.25,7233.25,7221.25,7215.75,7224.75,TIMEOUT,1800,2.75,5.75,0.478261,4.00,4.25,180,1800,UNAVAILABLE,UNAVAILABLE,STRONG,0.25,CONFIRMED,LOW,WEAK,YES
20,ESM6,2026-05-04T19:22:40.045Z,2026-05-04T15:22:40.045000-04:00,SHORT,91.4%,BALANCE,ABSORPTION_RECLAIM,7227.00,7227.75,7232.50,7233.50,7221.50,7216.00,7224.50,TIMEOUT,1800,3.25,5.75,0.565217,3.75,4.50,180,1800,UNAVAILABLE,UNAVAILABLE,STRONG,0.75,CONFIRMED,LOW,CONFIRMING,YES
21,ESM6,2026-05-04T19:22:40.048Z,2026-05-04T15:22:40.048000-04:00,SHORT,91.4%,BALANCE,ABSORPTION_RECLAIM,7227.00,7227.75,7232.50,7233.50,7221.50,7216.00,7224.50,TIMEOUT,1800,3.25,5.75,0.565217,3.75,4.50,180,1800,UNAVAILABLE,UNAVAILABLE,STRONG,0.75,CONFIRMED,LOW,CONFIRMING,YES
22,ESM6,2026-05-04T19:22:40.624Z,2026-05-04T15:22:40.624000-04:00,SHORT,91.4%,TRENDING,ABSORPTION_RECLAIM,7227.25,7228.00,7232.75,7233.75,7221.75,7216.25,7224.75,TIMEOUT,1800,3.25,5.75,0.565217,3.50,4.75,180,1800,UNAVAILABLE,UNAVAILABLE,STRONG,1.25,CONFIRMED,LOW,CONFIRMING,YES
23,ESM6,2026-05-04T19:22:55.840Z,2026-05-04T15:22:55.840000-04:00,SHORT,91.4%,BALANCE,ABSORPTION_RECLAIM,7226.75,7227.50,7231.25,7232.25,7222.25,7217.75,7224.50,TIMEOUT,1800,3.00,4.75,0.631579,4.00,4.25,180,1800,UNAVAILABLE,UNAVAILABLE,STRONG,0.25,CONFIRMED,LOW,WEAK,YES
24,ESM6,2026-05-04T19:22:55.848Z,2026-05-04T15:22:55.848000-04:00,SHORT,91.4%,BALANCE,ABSORPTION_RECLAIM,7226.75,7227.50,7231.25,7232.25,7222.25,7217.75,7224.50,TIMEOUT,1800,3.00,4.75,0.631579,4.00,4.25,180,1800,UNAVAILABLE,UNAVAILABLE,STRONG,0.25,CONFIRMED,LOW,WEAK,YES
25,ESM6,2026-05-04T19:22:57.143Z,2026-05-04T15:22:57.143000-04:00,SHORT,91.4%,BALANCE,ABSORPTION_RECLAIM,7227.00,7227.75,7231.50,7232.50,7222.50,7218.00,7224.50,TIMEOUT,1800,3.25,4.75,0.684211,3.75,4.50,180,1800,UNAVAILABLE,UNAVAILABLE,STRONG,0.75,CONFIRMED,LOW,CONFIRMING,YES
26,ESM6,2026-05-04T19:23:01.678Z,2026-05-04T15:23:01.678000-04:00,SHORT,91.4%,BALANCE,ABSORPTION_RECLAIM,7226.50,7227.25,7231.25,7232.25,7221.75,7217.00,7223.75,TIMEOUT,1800,3.50,5.00,0.700000,4.25,4.00,180,1800,UNAVAILABLE,UNAVAILABLE,STRONG,0.00,CONFIRMED,LOW,WEAK,YES
27,ESM6,2026-05-04T19:23:01.686Z,2026-05-04T15:23:01.686000-04:00,SHORT,91.4%,BALANCE,ABSORPTION_RECLAIM,7226.50,7227.25,7231.25,7232.25,7221.75,7217.00,7223.75,TIMEOUT,1800,3.50,5.00,0.700000,4.25,4.00,180,1800,UNAVAILABLE,UNAVAILABLE,STRONG,0.00,CONFIRMED,LOW,WEAK,YES
28,ESM6,2026-05-04T19:23:06.289Z,2026-05-04T15:23:06.289000-04:00,SHORT,91.4%,BALANCE,ABSORPTION_RECLAIM,7226.75,7227.50,7231.50,7232.50,7222.00,7217.25,7224.00,TIMEOUT,1800,3.50,5.00,0.700000,4.00,4.25,180,1800,UNAVAILABLE,UNAVAILABLE,STRONG,0.25,CONFIRMED,LOW,WEAK,YES
29,ESM6,2026-05-04T19:23:07.217Z,2026-05-04T15:23:07.217000-04:00,SHORT,91.4%,BALANCE,ABSORPTION_RECLAIM,7227.00,7227.75,7231.75,7232.75,7222.25,7217.50,7224.25,TIMEOUT,1800,3.50,5.00,0.700000,3.75,4.50,180,1800,UNAVAILABLE,UNAVAILABLE,STRONG,0.75,CONFIRMED,LOW,CONFIRMING,YES
30,ESM6,2026-05-04T19:23:07.572Z,2026-05-04T15:23:07.572000-04:00,SHORT,91.4%,TRENDING,ABSORPTION_RECLAIM,7227.25,7228.00,7232.00,7233.00,7222.50,7217.75,7224.25,TIMEOUT,1800,3.75,5.00,0.750000,3.50,4.75,180,1800,UNAVAILABLE,UNAVAILABLE,STRONG,1.25,CONFIRMED,LOW,CONFIRMING,YES
31,ESM6,2026-05-04T19:23:08.229Z,2026-05-04T15:23:08.229000-04:00,SHORT,91.4%,TRENDING,ABSORPTION_RECLAIM,7227.25,7228.00,7232.00,7233.00,7222.50,7217.75,7224.25,TIMEOUT,1800,3.75,5.00,0.750000,3.50,4.75,180,1800,UNAVAILABLE,UNAVAILABLE,STRONG,1.25,CONFIRMED,LOW,CONFIRMING,YES
32,ESM6,2026-05-04T19:23:08.384Z,2026-05-04T15:23:08.384000-04:00,SHORT,91.4%,TRENDING,ABSORPTION_RECLAIM,7227.25,7228.00,7232.25,7233.25,7222.25,7217.25,7224.25,TIMEOUT,1800,3.75,5.25,0.714286,3.50,4.75,180,1800,UNAVAILABLE,UNAVAILABLE,STRONG,1.25,CONFIRMED,LOW,CONFIRMING,YES
33,ESM6,2026-05-04T19:23:08.766Z,2026-05-04T15:23:08.766000-04:00,SHORT,91.4%,TRENDING,ABSORPTION_RECLAIM,7227.25,7228.00,7232.00,7233.00,7222.50,7217.75,7224.50,TIMEOUT,1800,3.50,5.00,0.700000,3.50,4.75,180,1800,UNAVAILABLE,UNAVAILABLE,STRONG,1.25,CONFIRMED,LOW,CONFIRMING,YES
34,ESM6,2026-05-04T19:23:10.737Z,2026-05-04T15:23:10.737000-04:00,SHORT,91.4%,TRENDING,ABSORPTION_RECLAIM,7227.25,7228.00,7232.00,7233.00,7222.50,7217.75,7224.75,TIMEOUT,1800,3.25,5.00,0.650000,3.50,4.75,180,1800,UNAVAILABLE,UNAVAILABLE,STRONG,1.25,CONFIRMED,LOW,CONFIRMING,YES
35,ESM6,2026-05-04T19:23:13.370Z,2026-05-04T15:23:13.370000-04:00,SHORT,91.4%,TRENDING,ABSORPTION_RECLAIM,7227.25,7228.00,7232.00,7233.00,7222.50,7217.75,7224.00,TIMEOUT,1800,4.00,5.00,0.800000,3.50,4.75,180,1800,UNAVAILABLE,UNAVAILABLE,STRONG,1.25,CONFIRMED,LOW,CONFIRMING,YES
36,ESM6,2026-05-04T19:23:16.625Z,2026-05-04T15:23:16.625000-04:00,SHORT,91.4%,TRENDING,ABSORPTION_RECLAIM,7227.25,7228.00,7232.00,7233.00,7222.50,7217.75,7224.25,TIMEOUT,1800,3.75,5.00,0.750000,3.50,4.75,180,1800,UNAVAILABLE,UNAVAILABLE,STRONG,1.25,CONFIRMED,LOW,CONFIRMING,YES
37,ESM6,2026-05-04T19:23:17.177Z,2026-05-04T15:23:17.177000-04:00,SHORT,91.4%,TRENDING,ABSORPTION_RECLAIM,7227.25,7228.00,7232.00,7233.00,7222.50,7217.75,7224.75,TIMEOUT,1800,3.25,5.00,0.650000,3.50,4.75,180,1800,UNAVAILABLE,UNAVAILABLE,STRONG,1.25,CONFIRMED,LOW,CONFIRMING,YES
38,ESM6,2026-05-04T19:23:17.407Z,2026-05-04T15:23:17.407000-04:00,SHORT,91.4%,TRENDING,ABSORPTION_RECLAIM,7227.25,7228.00,7232.00,7233.00,7222.50,7217.75,7224.75,TIMEOUT,1800,3.25,5.00,0.650000,3.50,4.75,180,1800,UNAVAILABLE,UNAVAILABLE,STRONG,1.25,CONFIRMED,LOW,CONFIRMING,YES
39,ESM6,2026-05-04T19:23:21.687Z,2026-05-04T15:23:21.687000-04:00,SHORT,91.4%,TRENDING,ABSORPTION_RECLAIM,7227.25,7228.00,7232.00,7233.00,7222.50,7217.75,7225.00,TIMEOUT,1800,3.00,5.00,0.600000,3.50,4.75,180,1800,UNAVAILABLE,UNAVAILABLE,STRONG,1.25,CONFIRMED,LOW,CONFIRMING,YES
40,ESM6,2026-05-04T19:23:21.793Z,2026-05-04T15:23:21.793000-04:00,SHORT,91.4%,TRENDING,ABSORPTION_RECLAIM,7227.25,7228.00,7232.00,7233.00,7222.50,7217.75,7225.00,TIMEOUT,1800,3.00,5.00,0.600000,3.50,4.75,180,1800,UNAVAILABLE,UNAVAILABLE,STRONG,1.25,CONFIRMED,LOW,CONFIRMING,YES
41,ESM6,2026-05-04T19:23:25.141Z,2026-05-04T15:23:25.141000-04:00,SHORT,91.4%,TRENDING,ABSORPTION_RECLAIM,7227.25,7228.00,7232.00,7233.00,7222.50,7217.75,7225.00,TIMEOUT,1800,3.00,5.00,0.600000,3.50,4.75,180,1800,UNAVAILABLE,UNAVAILABLE,STRONG,1.25,CONFIRMED,LOW,CONFIRMING,YES
42,ESM6,2026-05-04T19:23:29.048Z,2026-05-04T15:23:29.048000-04:00,SHORT,91.4%,TRENDING,ABSORPTION_RECLAIM,7227.25,7228.00,7232.00,7233.00,7222.50,7217.75,7225.25,TIMEOUT,1800,2.75,5.00,0.550000,3.50,4.75,180,1800,UNAVAILABLE,UNAVAILABLE,STRONG,1.25,CONFIRMED,LOW,CONFIRMING,YES
43,ESM6,2026-05-04T19:23:30.969Z,2026-05-04T15:23:30.969000-04:00,SHORT,91.4%,TRENDING,ABSORPTION_RECLAIM,7227.25,7228.00,7232.00,7233.00,7222.50,7217.75,7224.75,TIMEOUT,1800,3.25,5.00,0.650000,3.50,4.75,180,1800,UNAVAILABLE,UNAVAILABLE,STRONG,1.25,CONFIRMED,LOW,CONFIRMING,YES
44,ESM6,2026-05-04T19:23:31.325Z,2026-05-04T15:23:31.325000-04:00,SHORT,91.4%,TRENDING,ABSORPTION_RECLAIM,7227.25,7228.00,7232.00,7233.00,7222.50,7217.75,7224.75,TIMEOUT,1800,3.25,5.00,0.650000,3.50,4.75,180,1800,UNAVAILABLE,UNAVAILABLE,STRONG,1.25,CONFIRMED,LOW,CONFIRMING,YES
45,ESM6,2026-05-04T19:23:31.657Z,2026-05-04T15:23:31.657000-04:00,SHORT,91.4%,TRENDING,ABSORPTION_RECLAIM,7227.25,7228.00,7232.00,7233.00,7222.50,7217.75,7224.75,TIMEOUT,1800,3.25,5.00,0.650000,3.50,4.75,180,1800,UNAVAILABLE,UNAVAILABLE,STRONG,1.25,CONFIRMED,LOW,CONFIRMING,YES
46,ESM6,2026-05-04T19:23:33.201Z,2026-05-04T15:23:33.201000-04:00,SHORT,91.4%,TRENDING,ABSORPTION_RECLAIM,7227.25,7228.00,7232.25,7233.25,7222.25,7217.25,7224.00,TIMEOUT,1800,4.00,5.25,0.761905,3.50,4.75,180,1800,UNAVAILABLE,UNAVAILABLE,STRONG,1.25,CONFIRMED,LOW,CONFIRMING,YES
47,ESM6,2026-05-04T19:25:41.975Z,2026-05-04T15:25:41.975000-04:00,SHORT,91.4%,BALANCE,ABSORPTION_RECLAIM,7226.75,7227.50,7231.50,7232.50,7222.00,7217.25,7225.00,TIMEOUT,1800,2.50,5.00,0.500000,4.00,4.25,180,1800,UNAVAILABLE,UNAVAILABLE,STRONG,0.25,CONFIRMED,LOW,WEAK,YES
48,ESM6,2026-05-04T19:25:42.094Z,2026-05-04T15:25:42.094000-04:00,SHORT,91.4%,BALANCE,ABSORPTION_RECLAIM,7226.50,7227.25,7231.25,7232.25,7221.75,7217.00,7225.00,TIMEOUT,1800,2.25,5.00,0.450000,4.25,4.00,180,1800,UNAVAILABLE,UNAVAILABLE,STRONG,0.00,CONFIRMED,LOW,WEAK,YES
49,ESM6,2026-05-04T19:25:42.119Z,2026-05-04T15:25:42.119000-04:00,SHORT,91.4%,BALANCE,ABSORPTION_RECLAIM,7226.50,7227.25,7231.25,7232.25,7221.75,7217.00,7225.00,TIMEOUT,1800,2.25,5.00,0.450000,4.25,4.00,180,1800,UNAVAILABLE,UNAVAILABLE,STRONG,0.00,CONFIRMED,LOW,WEAK,YES
50,ESM6,2026-05-04T19:25:42.138Z,2026-05-04T15:25:42.138000-04:00,SHORT,91.4%,BALANCE,ABSORPTION_RECLAIM,7226.50,7227.25,7231.25,7232.25,7221.75,7217.00,7225.00,TIMEOUT,1800,2.25,5.00,0.450000,4.25,4.00,180,1800,UNAVAILABLE,UNAVAILABLE,STRONG,0.00,CONFIRMED,LOW,WEAK,YES
51,ESM6,2026-05-04T19:25:43.195Z,2026-05-04T15:25:43.195000-04:00,SHORT,91.4%,BALANCE,ABSORPTION_RECLAIM,7226.50,7227.25,7231.75,7232.75,7221.25,7216.00,7224.50,TIMEOUT,1800,2.75,5.50,0.500000,4.25,4.00,180,1800,UNAVAILABLE,UNAVAILABLE,STRONG,0.00,CONFIRMED,LOW,WEAK,YES
52,ESM6,2026-05-04T19:25:50.039Z,2026-05-04T15:25:50.039000-04:00,SHORT,91.4%,BALANCE,ABSORPTION_RECLAIM,7226.50,7227.25,7234.25,7235.25,7218.75,7211.00,7225.25,TIMEOUT,1800,2.00,8.00,0.250000,4.25,4.00,180,1800,UNAVAILABLE,UNAVAILABLE,STRONG,0.00,CONFIRMED,HIGH,WEAK,YES
53,ESM6,2026-05-04T19:25:50.744Z,2026-05-04T15:25:50.744000-04:00,SHORT,91.4%,BALANCE,ABSORPTION_RECLAIM,7226.75,7227.50,7234.50,7235.50,7219.00,7211.25,7225.25,TIMEOUT,1800,2.25,8.00,0.281250,4.00,4.25,180,1800,UNAVAILABLE,UNAVAILABLE,STRONG,0.25,CONFIRMED,HIGH,WEAK,YES
54,ESM6,2026-05-04T19:25:50.858Z,2026-05-04T15:25:50.858000-04:00,SHORT,91.4%,BALANCE,ABSORPTION_RECLAIM,7226.75,7227.50,7234.50,7235.50,7219.00,7211.25,7225.25,TIMEOUT,1800,2.25,8.00,0.281250,4.00,4.25,180,1800,UNAVAILABLE,UNAVAILABLE,STRONG,0.25,CONFIRMED,HIGH,WEAK,YES
55,ESM6,2026-05-04T19:25:51.553Z,2026-05-04T15:25:51.553000-04:00,SHORT,91.4%,BALANCE,ABSORPTION_RECLAIM,7226.25,7227.00,7234.25,7235.25,7218.25,7210.25,7225.00,TIMEOUT,1800,2.00,8.25,0.242424,4.50,3.75,180,1800,UNAVAILABLE,UNAVAILABLE,STRONG,0.00,CONFIRMED,HIGH,WEAK,YES
56,ESM6,2026-05-04T19:25:53.644Z,2026-05-04T15:25:53.644000-04:00,SHORT,91.4%,BALANCE,ABSORPTION_RECLAIM,7226.75,7227.50,7234.50,7235.50,7219.00,7211.25,7225.25,TIMEOUT,1800,2.25,8.00,0.281250,4.00,4.25,180,1800,UNAVAILABLE,UNAVAILABLE,STRONG,0.25,CONFIRMED,HIGH,WEAK,YES
57,ESM6,2026-05-04T19:25:57.288Z,2026-05-04T15:25:57.288000-04:00,SHORT,91.4%,BALANCE,ABSORPTION_RECLAIM,7226.75,7227.50,7234.75,7235.75,7218.75,7210.75,7225.50,TIMEOUT,1800,2.00,8.25,0.242424,4.00,4.25,180,1800,UNAVAILABLE,UNAVAILABLE,STRONG,0.25,CONFIRMED,HIGH,WEAK,YES
58,ESM6,2026-05-04T19:26:00.013Z,2026-05-04T15:26:00.013000-04:00,SHORT,91.4%,BALANCE,ABSORPTION_RECLAIM,7226.50,7227.25,7234.25,7235.25,7218.75,7211.00,7225.50,TIMEOUT,1800,1.75,8.00,0.218750,4.25,4.00,180,1800,UNAVAILABLE,UNAVAILABLE,STRONG,0.00,CONFIRMED,HIGH,WEAK,YES
59,ESM6,2026-05-04T19:26:01.636Z,2026-05-04T15:26:01.636000-04:00,SHORT,91.4%,BALANCE,ABSORPTION_RECLAIM,7226.75,7227.50,7234.50,7235.50,7219.00,7211.25,7225.00,TIMEOUT,1800,2.50,8.00,0.312500,4.00,4.25,180,1800,UNAVAILABLE,UNAVAILABLE,STRONG,0.25,CONFIRMED,HIGH,WEAK,YES
60,ESM6,2026-05-04T19:26:01.871Z,2026-05-04T15:26:01.871000-04:00,SHORT,91.4%,BALANCE,ABSORPTION_RECLAIM,7227.00,7227.75,7234.75,7235.75,7219.25,7211.50,7225.00,TIMEOUT,1800,2.75,8.00,0.343750,3.75,4.50,180,1800,UNAVAILABLE,UNAVAILABLE,STRONG,0.75,CONFIRMED,HIGH,CONFIRMING,YES
61,ESM6,2026-05-04T19:26:01.878Z,2026-05-04T15:26:01.878000-04:00,SHORT,91.4%,BALANCE,ABSORPTION_RECLAIM,7227.00,7227.75,7234.75,7235.75,7219.25,7211.50,7225.00,TIMEOUT,1800,2.75,8.00,0.343750,3.75,4.50,180,1800,UNAVAILABLE,UNAVAILABLE,STRONG,0.75,CONFIRMED,HIGH,CONFIRMING,YES
62,ESM6,2026-05-04T19:26:02.384Z,2026-05-04T15:26:02.384000-04:00,SHORT,91.4%,BALANCE,ABSORPTION_RECLAIM,7227.00,7227.75,7234.75,7235.75,7219.25,7211.50,7224.75,TIMEOUT,1800,3.00,8.00,0.375000,3.75,4.50,180,1800,UNAVAILABLE,UNAVAILABLE,STRONG,0.75,CONFIRMED,HIGH,CONFIRMING,YES
63,ESM6,2026-05-04T19:26:28.729Z,2026-05-04T15:26:28.729000-04:00,SHORT,91.4%,BALANCE,ABSORPTION_RECLAIM,7226.50,7227.25,7234.25,7235.25,7218.75,7211.00,7225.50,TIMEOUT,1800,1.75,8.00,0.218750,4.25,4.00,180,1800,UNAVAILABLE,UNAVAILABLE,STRONG,0.00,CONFIRMED,HIGH,WEAK,YES
64,ESM6,2026-05-04T19:26:37.747Z,2026-05-04T15:26:37.747000-04:00,SHORT,91.4%,BALANCE,ABSORPTION_RECLAIM,7226.50,7227.25,7234.25,7235.25,7218.75,7211.00,7225.75,TIMEOUT,1800,1.50,8.00,0.187500,4.25,4.00,180,1800,UNAVAILABLE,UNAVAILABLE,STRONG,0.00,CONFIRMED,HIGH,WEAK,YES
65,ESM6,2026-05-04T19:26:42.232Z,2026-05-04T15:26:42.232000-04:00,SHORT,91.4%,BALANCE,ABSORPTION_RECLAIM,7226.75,7227.50,7234.50,7235.50,7219.00,7211.25,7225.50,TIMEOUT,1800,2.00,8.00,0.250000,4.00,4.25,180,1800,UNAVAILABLE,UNAVAILABLE,STRONG,0.25,CONFIRMED,HIGH,WEAK,YES
66,ESM6,2026-05-04T19:26:42.332Z,2026-05-04T15:26:42.332000-04:00,SHORT,91.4%,BALANCE,ABSORPTION_RECLAIM,7226.75,7227.50,7234.50,7235.50,7219.00,7211.25,7225.50,TIMEOUT,1800,2.00,8.00,0.250000,4.00,4.25,180,1800,UNAVAILABLE,UNAVAILABLE,STRONG,0.25,CONFIRMED,HIGH,WEAK,YES
67,ESM6,2026-05-04T19:26:45.728Z,2026-05-04T15:26:45.728000-04:00,SHORT,91.4%,BALANCE,ABSORPTION_RECLAIM,7226.75,7227.50,7234.50,7235.50,7219.00,7211.25,7225.75,TIMEOUT,1800,1.75,8.00,0.218750,4.00,4.25,180,1800,UNAVAILABLE,UNAVAILABLE,STRONG,0.25,CONFIRMED,HIGH,WEAK,YES
68,ESM6,2026-05-04T19:26:45.901Z,2026-05-04T15:26:45.901000-04:00,SHORT,91.4%,BALANCE,ABSORPTION_RECLAIM,7227.00,7227.75,7234.75,7235.75,7219.25,7211.50,7225.75,TIMEOUT,1800,2.00,8.00,0.250000,3.75,4.50,180,1800,UNAVAILABLE,UNAVAILABLE,STRONG,0.75,CONFIRMED,HIGH,CONFIRMING,YES
69,ESM6,2026-05-04T19:26:45.920Z,2026-05-04T15:26:45.920000-04:00,SHORT,91.4%,BALANCE,ABSORPTION_RECLAIM,7227.00,7227.75,7234.75,7235.75,7219.25,7211.50,7225.75,TIMEOUT,1800,2.00,8.00,0.250000,3.75,4.50,180,1800,UNAVAILABLE,UNAVAILABLE,STRONG,0.75,CONFIRMED,HIGH,CONFIRMING,YES
70,ESM6,2026-05-04T19:26:46.632Z,2026-05-04T15:26:46.632000-04:00,SHORT,91.4%,BALANCE,ABSORPTION_RECLAIM,7227.00,7227.75,7234.75,7235.75,7219.25,7211.50,7225.75,TIMEOUT,1800,2.00,8.00,0.250000,3.75,4.50,180,1800,UNAVAILABLE,UNAVAILABLE,STRONG,0.75,CONFIRMED,HIGH,CONFIRMING,YES
71,ESM6,2026-05-04T19:26:47.067Z,2026-05-04T15:26:47.067000-04:00,SHORT,91.4%,BALANCE,ABSORPTION_RECLAIM,7227.00,7227.75,7235.00,7236.00,7219.00,7211.00,7225.75,TIMEOUT,1800,2.00,8.25,0.242424,3.75,4.50,180,1800,UNAVAILABLE,UNAVAILABLE,STRONG,0.75,CONFIRMED,HIGH,CONFIRMING,YES
72,ESM6,2026-05-04T19:26:48.231Z,2026-05-04T15:26:48.231000-04:00,SHORT,91.4%,BALANCE,ABSORPTION_RECLAIM,7227.00,7227.75,7234.75,7235.75,7219.25,7211.50,7225.75,TIMEOUT,1800,2.00,8.00,0.250000,3.75,4.50,180,1800,UNAVAILABLE,UNAVAILABLE,STRONG,0.75,CONFIRMED,HIGH,CONFIRMING,YES
73,ESM6,2026-05-04T19:26:50.691Z,2026-05-04T15:26:50.691000-04:00,SHORT,91.4%,BALANCE,ABSORPTION_RECLAIM,7226.75,7227.50,7234.50,7235.50,7219.00,7211.25,7225.75,TIMEOUT,1800,1.75,8.00,0.218750,4.00,4.25,180,1800,UNAVAILABLE,UNAVAILABLE,STRONG,0.25,CONFIRMED,HIGH,WEAK,YES
74,ESM6,2026-05-04T19:26:59.336Z,2026-05-04T15:26:59.336000-04:00,SHORT,91.4%,BALANCE,ABSORPTION_RECLAIM,7226.50,7227.25,7234.25,7235.25,7218.75,7211.00,7226.00,TIMEOUT,1800,1.25,8.00,0.156250,4.25,4.00,180,1800,UNAVAILABLE,UNAVAILABLE,STRONG,0.00,CONFIRMED,HIGH,WEAK,YES
75,ESM6,2026-05-04T19:27:00.058Z,2026-05-04T15:27:00.058000-04:00,SHORT,91.4%,BALANCE,ABSORPTION_RECLAIM,7226.50,7227.25,7234.50,7235.50,7218.50,7210.50,7226.00,TIMEOUT,1800,1.25,8.25,0.151515,4.25,4.00,180,1800,UNAVAILABLE,UNAVAILABLE,STRONG,0.00,CONFIRMED,HIGH,WEAK,YES
76,ESM6,2026-05-04T19:27:00.174Z,2026-05-04T15:27:00.174000-04:00,SHORT,91.4%,BALANCE,ABSORPTION_RECLAIM,7226.50,7227.25,7234.50,7235.50,7218.50,7210.50,7226.25,TIMEOUT,1800,1.00,8.25,0.121212,4.25,4.00,180,1800,UNAVAILABLE,UNAVAILABLE,STRONG,0.00,CONFIRMED,HIGH,WEAK,YES
77,ESM6,2026-05-04T19:27:16.447Z,2026-05-04T15:27:16.447000-04:00,SHORT,91.4%,BALANCE,ABSORPTION_RECLAIM,7226.50,7227.25,7234.25,7235.25,7218.75,7211.00,7227.00,TIMEOUT,1800,0.25,8.00,0.031250,4.25,4.00,180,1800,UNAVAILABLE,UNAVAILABLE,STRONG,0.00,CONFIRMED,HIGH,WEAK,YES
78,ESM6,2026-05-04T19:27:16.539Z,2026-05-04T15:27:16.539000-04:00,SHORT,91.4%,BALANCE,ABSORPTION_RECLAIM,7226.50,7227.25,7234.25,7235.25,7218.75,7211.00,7226.75,TIMEOUT,1800,0.50,8.00,0.062500,4.25,4.00,180,1800,UNAVAILABLE,UNAVAILABLE,STRONG,0.00,CONFIRMED,HIGH,WEAK,YES
79,ESM6,2026-05-04T19:27:16.572Z,2026-05-04T15:27:16.572000-04:00,SHORT,91.4%,BALANCE,ABSORPTION_RECLAIM,7226.50,7227.25,7234.25,7235.25,7218.75,7211.00,7226.75,TIMEOUT,1800,0.50,8.00,0.062500,4.25,4.00,180,1800,UNAVAILABLE,UNAVAILABLE,STRONG,0.00,CONFIRMED,HIGH,WEAK,YES
80,ESM6,2026-05-04T19:27:17.065Z,2026-05-04T15:27:17.065000-04:00,SHORT,91.4%,BALANCE,ABSORPTION_RECLAIM,7226.75,7227.50,7234.50,7235.50,7219.00,7211.25,7226.75,TIMEOUT,1800,0.75,8.00,0.093750,4.00,4.25,180,1800,UNAVAILABLE,UNAVAILABLE,STRONG,0.25,CONFIRMED,HIGH,WEAK,YES
81,ESM6,2026-05-04T19:27:17.108Z,2026-05-04T15:27:17.108000-04:00,SHORT,91.4%,BALANCE,ABSORPTION_RECLAIM,7226.75,7227.50,7234.50,7235.50,7219.00,7211.25,7226.75,TIMEOUT,1800,0.75,8.00,0.093750,4.00,4.25,180,1800,UNAVAILABLE,UNAVAILABLE,STRONG,0.25,CONFIRMED,HIGH,WEAK,YES
82,ESM6,2026-05-04T19:27:19.498Z,2026-05-04T15:27:19.498000-04:00,SHORT,91.4%,BALANCE,ABSORPTION_RECLAIM,7227.00,7227.75,7234.75,7235.75,7219.25,7211.50,7226.50,TIMEOUT,1800,1.25,8.00,0.156250,3.75,4.50,180,1800,UNAVAILABLE,UNAVAILABLE,STRONG,0.75,CONFIRMED,HIGH,CONFIRMING,YES
83,ESM6,2026-05-04T19:27:19.525Z,2026-05-04T15:27:19.525000-04:00,SHORT,91.4%,BALANCE,ABSORPTION_RECLAIM,7227.00,7227.75,7234.75,7235.75,7219.25,7211.50,7226.50,TIMEOUT,1800,1.25,8.00,0.156250,3.75,4.50,180,1800,UNAVAILABLE,UNAVAILABLE,STRONG,0.75,CONFIRMED,HIGH,CONFIRMING,YES
84,ESM6,2026-05-04T19:27:19.707Z,2026-05-04T15:27:19.707000-04:00,SHORT,91.4%,BALANCE,ABSORPTION_RECLAIM,7227.00,7227.75,7234.75,7235.75,7219.25,7211.50,7226.75,TIMEOUT,1800,1.00,8.00,0.125000,3.75,4.50,180,1800,UNAVAILABLE,UNAVAILABLE,STRONG,0.75,CONFIRMED,HIGH,CONFIRMING,YES
85,ESM6,2026-05-04T19:27:20.508Z,2026-05-04T15:27:20.508000-04:00,SHORT,91.4%,TRENDING,ABSORPTION_RECLAIM,7227.25,7228.00,7235.00,7236.00,7219.50,7211.75,7226.50,TIMEOUT,1800,1.50,8.00,0.187500,3.50,4.75,180,1800,UNAVAILABLE,UNAVAILABLE,STRONG,1.25,CONFIRMED,HIGH,CONFIRMING,YES
86,ESM6,2026-05-04T19:27:20.532Z,2026-05-04T15:27:20.532000-04:00,SHORT,91.4%,TRENDING,ABSORPTION_RECLAIM,7227.25,7228.00,7235.00,7236.00,7219.50,7211.75,7226.50,TIMEOUT,1800,1.50,8.00,0.187500,3.50,4.75,180,1800,UNAVAILABLE,UNAVAILABLE,STRONG,1.25,CONFIRMED,HIGH,CONFIRMING,YES
87,ESM6,2026-05-04T19:27:22.223Z,2026-05-04T15:27:22.223000-04:00,SHORT,91.4%,TRENDING,ABSORPTION_RECLAIM,7227.25,7228.00,7235.00,7236.00,7219.50,7211.75,7226.00,TIMEOUT,1800,2.00,8.00,0.250000,3.50,4.75,180,1800,UNAVAILABLE,UNAVAILABLE,STRONG,1.25,CONFIRMED,HIGH,CONFIRMING,YES
88,ESM6,2026-05-04T19:27:23.503Z,2026-05-04T15:27:23.503000-04:00,SHORT,91.4%,TRENDING,ABSORPTION_RECLAIM,7227.25,7228.00,7235.00,7236.00,7219.50,7211.75,7226.25,TIMEOUT,1800,1.75,8.00,0.218750,3.50,4.75,180,1800,UNAVAILABLE,UNAVAILABLE,STRONG,1.25,CONFIRMED,HIGH,CONFIRMING,YES
89,ESM6,2026-05-04T19:27:32.361Z,2026-05-04T15:27:32.361000-04:00,SHORT,91.4%,TRENDING,ABSORPTION_RECLAIM,7227.25,7228.00,7235.00,7236.00,7219.50,7211.75,7226.75,TIMEOUT,1800,1.25,8.00,0.156250,3.50,4.75,180,1800,UNAVAILABLE,UNAVAILABLE,STRONG,1.25,CONFIRMED,HIGH,CONFIRMING,YES
90,ESM6,2026-05-04T19:27:32.406Z,2026-05-04T15:27:32.406000-04:00,SHORT,91.4%,TRENDING,ABSORPTION_RECLAIM,7227.25,7228.00,7235.00,7236.00,7219.50,7211.75,7226.75,TIMEOUT,1800,1.25,8.00,0.156250,3.50,4.75,180,1800,UNAVAILABLE,UNAVAILABLE,STRONG,1.25,CONFIRMED,HIGH,CONFIRMING,YES
91,ESM6,2026-05-04T19:27:34.672Z,2026-05-04T15:27:34.672000-04:00,SHORT,91.4%,BALANCE,ABSORPTION_RECLAIM,7227.00,7227.75,7234.75,7235.75,7219.25,7211.50,7227.00,TIMEOUT,1800,0.75,8.00,0.093750,3.75,4.50,180,1800,UNAVAILABLE,UNAVAILABLE,STRONG,0.75,CONFIRMED,HIGH,CONFIRMING,YES
92,ESM6,2026-05-04T19:27:39.739Z,2026-05-04T15:27:39.739000-04:00,SHORT,91.4%,BALANCE,ABSORPTION_RECLAIM,7227.00,7227.75,7234.75,7235.75,7219.25,7211.50,7227.25,TIMEOUT,1800,0.50,8.00,0.062500,3.75,4.50,180,1800,UNAVAILABLE,UNAVAILABLE,STRONG,0.75,CONFIRMED,HIGH,CONFIRMING,YES
93,ESM6,2026-05-04T19:27:39.746Z,2026-05-04T15:27:39.746000-04:00,SHORT,91.4%,BALANCE,ABSORPTION_RECLAIM,7227.00,7227.75,7234.75,7235.75,7219.25,7211.50,7227.25,TIMEOUT,1800,0.50,8.00,0.062500,3.75,4.50,180,1800,UNAVAILABLE,UNAVAILABLE,STRONG,0.75,CONFIRMED,HIGH,CONFIRMING,YES
94,ESM6,2026-05-04T19:27:40.046Z,2026-05-04T15:27:40.046000-04:00,SHORT,91.4%,BALANCE,ABSORPTION_RECLAIM,7226.75,7227.50,7234.50,7235.50,7219.00,7211.25,7227.00,TIMEOUT,1800,0.50,8.00,0.062500,4.00,4.25,180,1800,UNAVAILABLE,UNAVAILABLE,STRONG,0.25,CONFIRMED,HIGH,WEAK,YES
95,ESM6,2026-05-04T19:27:49.159Z,2026-05-04T15:27:49.159000-04:00,SHORT,91.4%,BALANCE,ABSORPTION_RECLAIM,7226.50,7227.25,7234.50,7235.50,7218.50,7210.50,7227.00,TIMEOUT,1800,0.25,8.25,0.030303,4.25,4.00,180,1800,UNAVAILABLE,UNAVAILABLE,STRONG,0.00,CONFIRMED,HIGH,WEAK,YES
96,ESM6,2026-05-04T19:27:50.392Z,2026-05-04T15:27:50.392000-04:00,SHORT,91.4%,BALANCE,ABSORPTION_RECLAIM,7226.50,7227.25,7234.25,7235.25,7218.75,7211.00,7226.75,TIMEOUT,1800,0.50,8.00,0.062500,4.25,4.00,180,1800,UNAVAILABLE,UNAVAILABLE,STRONG,0.00,CONFIRMED,HIGH,WEAK,YES
97,ESM6,2026-05-04T19:28:04.361Z,2026-05-04T15:28:04.361000-04:00,SHORT,91.4%,BALANCE,ABSORPTION_RECLAIM,7226.50,7227.25,7234.25,7235.25,7218.75,7211.00,7226.50,TIMEOUT,1800,0.75,8.00,0.093750,4.25,4.00,180,1800,UNAVAILABLE,UNAVAILABLE,STRONG,0.00,CONFIRMED,HIGH,WEAK,YES
98,ESM6,2026-05-04T19:28:07.043Z,2026-05-04T15:28:07.043000-04:00,SHORT,91.4%,BALANCE,ABSORPTION_RECLAIM,7226.75,7227.50,7234.50,7235.50,7219.00,7211.25,7226.75,TIMEOUT,1800,0.75,8.00,0.093750,4.00,4.25,180,1800,UNAVAILABLE,UNAVAILABLE,STRONG,0.25,CONFIRMED,HIGH,WEAK,YES
99,ESM6,2026-05-04T19:28:07.053Z,2026-05-04T15:28:07.053000-04:00,SHORT,91.4%,BALANCE,ABSORPTION_RECLAIM,7226.75,7227.50,7234.50,7235.50,7219.00,7211.25,7226.75,TIMEOUT,1800,0.75,8.00,0.093750,4.00,4.25,180,1800,UNAVAILABLE,UNAVAILABLE,STRONG,0.25,CONFIRMED,HIGH,WEAK,YES
100,ESM6,2026-05-04T19:28:07.066Z,2026-05-04T15:28:07.066000-04:00,SHORT,91.4%,BALANCE,ABSORPTION_RECLAIM,7226.75,7227.50,7234.50,7235.50,7219.00,7211.25,7226.75,TIMEOUT,1800,0.75,8.00,0.093750,4.00,4.25,180,1800,UNAVAILABLE,UNAVAILABLE,STRONG,0.25,CONFIRMED,HIGH,WEAK,YES
101,ESM6,2026-05-04T19:28:13.649Z,2026-05-04T15:28:13.649000-04:00,SHORT,91.4%,BALANCE,ABSORPTION_RECLAIM,7227.00,7227.75,7234.75,7235.75,7219.25,7211.50,7226.75,TIMEOUT,1800,1.00,8.00,0.125000,3.75,4.50,180,1800,UNAVAILABLE,UNAVAILABLE,STRONG,0.75,CONFIRMED,HIGH,CONFIRMING,YES
102,ESM6,2026-05-04T19:28:13.754Z,2026-05-04T15:28:13.754000-04:00,SHORT,91.4%,BALANCE,ABSORPTION_RECLAIM,7227.00,7227.75,7234.75,7235.75,7219.25,7211.50,7226.75,TIMEOUT,1800,1.00,8.00,0.125000,3.75,4.50,180,1800,UNAVAILABLE,UNAVAILABLE,STRONG,0.75,CONFIRMED,HIGH,CONFIRMING,YES
103,ESM6,2026-05-04T19:28:16.646Z,2026-05-04T15:28:16.646000-04:00,SHORT,91.4%,TRENDING,ABSORPTION_RECLAIM,7227.25,7228.00,7235.00,7236.00,7219.50,7211.75,7227.50,TIMEOUT,1800,0.50,8.00,0.062500,3.50,4.75,180,1800,UNAVAILABLE,UNAVAILABLE,STRONG,1.25,CONFIRMED,HIGH,CONFIRMING,YES
104,ESM6,2026-05-04T19:28:17.751Z,2026-05-04T15:28:17.751000-04:00,SHORT,91.4%,TRENDING,ABSORPTION_RECLAIM,7227.25,7228.00,7235.00,7236.00,7219.50,7211.75,7227.50,TIMEOUT,1800,0.50,8.00,0.062500,3.50,4.75,180,1800,UNAVAILABLE,UNAVAILABLE,STRONG,1.25,CONFIRMED,HIGH,CONFIRMING,YES
105,ESM6,2026-05-04T19:28:18.297Z,2026-05-04T15:28:18.297000-04:00,SHORT,91.4%,TRENDING,ABSORPTION_RECLAIM,7227.25,7228.00,7235.00,7236.00,7219.50,7211.75,7227.25,TIMEOUT,1800,0.75,8.00,0.093750,3.50,4.75,180,1800,UNAVAILABLE,UNAVAILABLE,STRONG,1.25,CONFIRMED,HIGH,CONFIRMING,YES
106,ESM6,2026-05-04T19:28:20.154Z,2026-05-04T15:28:20.154000-04:00,SHORT,91.4%,BALANCE,ABSORPTION_RECLAIM,7227.00,7227.75,7234.75,7235.75,7219.25,7211.50,7227.00,TIMEOUT,1800,0.75,8.00,0.093750,3.75,4.50,180,1800,UNAVAILABLE,UNAVAILABLE,STRONG,0.75,CONFIRMED,HIGH,CONFIRMING,YES
107,ESM6,2026-05-04T19:28:23.033Z,2026-05-04T15:28:23.033000-04:00,SHORT,91.4%,BALANCE,ABSORPTION_RECLAIM,7227.00,7227.75,7234.75,7235.75,7219.25,7211.50,7227.00,TIMEOUT,1800,0.75,8.00,0.093750,3.75,4.50,180,1800,UNAVAILABLE,UNAVAILABLE,STRONG,0.75,CONFIRMED,HIGH,CONFIRMING,YES
108,ESM6,2026-05-04T19:28:23.281Z,2026-05-04T15:28:23.281000-04:00,SHORT,91.4%,TRENDING,ABSORPTION_RECLAIM,7227.25,7228.00,7235.00,7236.00,7219.50,7211.75,7227.00,TIMEOUT,1800,1.00,8.00,0.125000,3.50,4.75,180,1800,UNAVAILABLE,UNAVAILABLE,STRONG,1.25,CONFIRMED,HIGH,CONFIRMING,YES
109,ESM6,2026-05-04T19:06:16.569Z,2026-05-04T15:06:16.569000-04:00,LONG,89.4%,BALANCE,ABSORPTION_RECLAIM,7228.50,7227.75,7215.50,7214.50,7241.50,7254.50,7230.00,TIMEOUT,1800,2.25,13.25,0.169811,4.50,3.25,180,1800,UNAVAILABLE,UNAVAILABLE,STRONG,0.00,CONFIRMED,HIGH,WEAK,YES
110,ESM6,2026-05-04T19:06:19.208Z,2026-05-04T15:06:19.208000-04:00,LONG,89.4%,BALANCE,ABSORPTION_RECLAIM,7228.25,7227.50,7215.25,7214.25,7241.25,7254.25,7230.25,TIMEOUT,1800,2.75,13.25,0.207547,4.25,3.50,180,1800,UNAVAILABLE,UNAVAILABLE,STRONG,0.00,CONFIRMED,HIGH,WEAK,YES
111,ESM6,2026-05-04T19:06:19.427Z,2026-05-04T15:06:19.427000-04:00,LONG,89.4%,BALANCE,ABSORPTION_RECLAIM,7228.00,7227.25,7215.00,7214.00,7241.00,7254.00,7230.25,TIMEOUT,1800,3.00,13.25,0.226415,4.00,3.75,180,1800,UNAVAILABLE,UNAVAILABLE,STRONG,0.00,CONFIRMED,HIGH,WEAK,YES
112,ESM6,2026-05-04T19:06:19.612Z,2026-05-04T15:06:19.612000-04:00,LONG,89.4%,BALANCE,ABSORPTION_RECLAIM,7227.75,7227.00,7214.75,7213.75,7240.75,7253.75,7230.25,TIMEOUT,1800,3.25,13.25,0.245283,3.75,4.00,180,1800,UNAVAILABLE,UNAVAILABLE,STRONG,0.25,CONFIRMED,HIGH,WEAK,YES
113,ESM6,2026-05-04T19:06:22.940Z,2026-05-04T15:06:22.940000-04:00,LONG,89.4%,BALANCE,ABSORPTION_RECLAIM,7228.25,7227.50,7215.25,7214.25,7241.25,7254.25,7230.00,TIMEOUT,1800,2.50,13.25,0.188679,4.25,3.50,180,1800,UNAVAILABLE,UNAVAILABLE,STRONG,0.00,CONFIRMED,HIGH,WEAK,YES
114,ESM6,2026-05-04T19:06:29.360Z,2026-05-04T15:06:29.360000-04:00,LONG,89.4%,BALANCE,ABSORPTION_RECLAIM,7228.50,7227.75,7215.50,7214.50,7241.50,7254.50,7230.50,TIMEOUT,1800,2.75,13.25,0.207547,4.50,3.25,180,1800,UNAVAILABLE,UNAVAILABLE,STRONG,0.00,CONFIRMED,HIGH,WEAK,YES
115,ESM6,2026-05-04T19:06:31.146Z,2026-05-04T15:06:31.146000-04:00,LONG,89.4%,BALANCE,ABSORPTION_RECLAIM,7228.50,7227.75,7215.50,7214.50,7241.50,7254.50,7230.50,TIMEOUT,1800,2.75,13.25,0.207547,4.50,3.25,180,1800,UNAVAILABLE,UNAVAILABLE,STRONG,0.00,CONFIRMED,HIGH,WEAK,YES
116,ESM6,2026-05-04T19:06:31.474Z,2026-05-04T15:06:31.474000-04:00,LONG,89.4%,BALANCE,ABSORPTION_RECLAIM,7228.25,7227.50,7215.25,7214.25,7241.25,7254.25,7230.50,TIMEOUT,1800,3.00,13.25,0.226415,4.25,3.50,180,1800,UNAVAILABLE,UNAVAILABLE,STRONG,0.00,CONFIRMED,HIGH,WEAK,YES
117,ESM6,2026-05-04T19:06:31.475Z,2026-05-04T15:06:31.475000-04:00,LONG,89.4%,BALANCE,ABSORPTION_RECLAIM,7228.00,7227.25,7215.00,7214.00,7241.00,7254.00,7230.50,TIMEOUT,1800,3.25,13.25,0.245283,4.00,3.75,180,1800,UNAVAILABLE,UNAVAILABLE,STRONG,0.00,CONFIRMED,HIGH,WEAK,YES
118,ESM6,2026-05-04T19:06:31.476Z,2026-05-04T15:06:31.476000-04:00,LONG,89.4%,BALANCE,ABSORPTION_RECLAIM,7227.75,7227.00,7214.75,7213.75,7240.75,7253.75,7230.50,TIMEOUT,1800,3.50,13.25,0.264151,3.75,4.00,180,1800,UNAVAILABLE,UNAVAILABLE,STRONG,0.25,CONFIRMED,HIGH,WEAK,YES
119,ESM6,2026-05-04T19:07:03.677Z,2026-05-04T15:07:03.677000-04:00,LONG,89.4%,BALANCE,ABSORPTION_RECLAIM,7228.25,7227.50,7215.25,7214.25,7241.25,7254.25,7229.50,TIMEOUT,1800,2.00,13.25,0.150943,4.25,3.50,180,1800,UNAVAILABLE,UNAVAILABLE,STRONG,0.00,CONFIRMED,HIGH,WEAK,YES
120,ESM6,2026-05-04T19:07:03.966Z,2026-05-04T15:07:03.966000-04:00,LONG,89.4%,BALANCE,ABSORPTION_RECLAIM,7228.25,7227.50,7215.00,7214.00,7241.50,7254.75,7229.50,TIMEOUT,1800,2.00,13.50,0.148148,4.25,3.50,180,1800,UNAVAILABLE,UNAVAILABLE,STRONG,0.00,CONFIRMED,HIGH,WEAK,YES
121,ESM6,2026-05-04T19:07:04.073Z,2026-05-04T15:07:04.073000-04:00,LONG,89.4%,BALANCE,ABSORPTION_RECLAIM,7228.00,7227.25,7215.00,7214.00,7241.00,7254.00,7229.50,TIMEOUT,1800,2.25,13.25,0.169811,4.00,3.75,180,1800,UNAVAILABLE,UNAVAILABLE,STRONG,0.00,CONFIRMED,HIGH,WEAK,YES
122,ESM6,2026-05-04T19:07:04.806Z,2026-05-04T15:07:04.806000-04:00,LONG,89.4%,BALANCE,ABSORPTION_RECLAIM,7228.00,7227.25,7215.00,7214.00,7241.00,7254.00,7229.50,TIMEOUT,1800,2.25,13.25,0.169811,4.00,3.75,180,1800,UNAVAILABLE,UNAVAILABLE,STRONG,0.00,CONFIRMED,HIGH,WEAK,YES
123,ESM6,2026-05-04T19:07:06.803Z,2026-05-04T15:07:06.803000-04:00,LONG,89.4%,BALANCE,ABSORPTION_RECLAIM,7228.00,7227.25,7215.00,7214.00,7241.00,7254.00,7230.00,TIMEOUT,1800,2.75,13.25,0.207547,4.00,3.75,180,1800,UNAVAILABLE,UNAVAILABLE,STRONG,0.00,CONFIRMED,HIGH,WEAK,YES
124,ESM6,2026-05-04T19:07:06.878Z,2026-05-04T15:07:06.878000-04:00,LONG,89.4%,BALANCE,ABSORPTION_RECLAIM,7228.00,7227.25,7215.00,7214.00,7241.00,7254.00,7229.75,TIMEOUT,1800,2.50,13.25,0.188679,4.00,3.75,180,1800,UNAVAILABLE,UNAVAILABLE,STRONG,0.00,CONFIRMED,HIGH,WEAK,YES
125,ESM6,2026-05-04T19:07:09.715Z,2026-05-04T15:07:09.715000-04:00,LONG,89.4%,BALANCE,ABSORPTION_RECLAIM,7228.25,7227.50,7215.25,7214.25,7241.25,7254.25,7229.75,TIMEOUT,1800,2.25,13.25,0.169811,4.25,3.50,180,1800,UNAVAILABLE,UNAVAILABLE,STRONG,0.00,CONFIRMED,HIGH,WEAK,YES
126,ESM6,2026-05-04T19:07:11.547Z,2026-05-04T15:07:11.547000-04:00,LONG,89.4%,BALANCE,ABSORPTION_RECLAIM,7228.00,7227.25,7215.00,7214.00,7241.00,7254.00,7230.00,TIMEOUT,1800,2.75,13.25,0.207547,4.00,3.75,180,1800,UNAVAILABLE,UNAVAILABLE,STRONG,0.00,CONFIRMED,HIGH,WEAK,YES
127,ESM6,2026-05-04T19:07:12.578Z,2026-05-04T15:07:12.578000-04:00,LONG,89.4%,BALANCE,ABSORPTION_RECLAIM,7227.75,7227.00,7214.75,7213.75,7240.75,7253.75,7230.00,TIMEOUT,1800,3.00,13.25,0.226415,3.75,4.00,180,1800,UNAVAILABLE,UNAVAILABLE,STRONG,0.25,CONFIRMED,HIGH,WEAK,YES
128,ESM6,2026-05-04T19:07:13.300Z,2026-05-04T15:07:13.300000-04:00,LONG,89.4%,BALANCE,ABSORPTION_RECLAIM,7227.75,7227.00,7214.75,7213.75,7240.75,7253.75,7230.00,TIMEOUT,1800,3.00,13.25,0.226415,3.75,4.00,180,1800,UNAVAILABLE,UNAVAILABLE,STRONG,0.25,CONFIRMED,HIGH,WEAK,YES
129,ESM6,2026-05-04T19:07:25.741Z,2026-05-04T15:07:25.741000-04:00,LONG,89.4%,BALANCE,ABSORPTION_RECLAIM,7228.00,7227.25,7215.00,7214.00,7241.00,7254.00,7230.00,TIMEOUT,1800,2.75,13.25,0.207547,4.00,3.75,180,1800,UNAVAILABLE,UNAVAILABLE,STRONG,0.00,CONFIRMED,HIGH,WEAK,YES
130,ESM6,2026-05-04T19:07:29.657Z,2026-05-04T15:07:29.657000-04:00,LONG,89.4%,BALANCE,ABSORPTION_RECLAIM,7228.50,7227.75,7215.50,7214.50,7241.50,7254.50,7230.25,TIMEOUT,1800,2.50,13.25,0.188679,4.50,3.25,180,1800,UNAVAILABLE,UNAVAILABLE,STRONG,0.00,CONFIRMED,HIGH,WEAK,YES
131,ESM6,2026-05-04T19:07:31.514Z,2026-05-04T15:07:31.514000-04:00,LONG,89.4%,BALANCE,ABSORPTION_RECLAIM,7228.25,7227.50,7216.25,7215.25,7240.25,7252.25,7230.25,TIMEOUT,1800,2.75,12.25,0.224490,4.25,3.50,180,1800,UNAVAILABLE,UNAVAILABLE,STRONG,0.00,CONFIRMED,HIGH,WEAK,YES
132,ESM6,2026-05-04T19:07:37.285Z,2026-05-04T15:07:37.285000-04:00,LONG,89.4%,BALANCE,ABSORPTION_RECLAIM,7228.50,7227.75,7216.50,7215.50,7240.50,7252.50,7230.50,TIMEOUT,1800,2.75,12.25,0.224490,4.50,3.25,180,1800,UNAVAILABLE,UNAVAILABLE,STRONG,0.00,CONFIRMED,HIGH,WEAK,YES
133,ESM6,2026-05-04T19:07:41.426Z,2026-05-04T15:07:41.426000-04:00,LONG,89.4%,BALANCE,ABSORPTION_RECLAIM,7228.50,7227.75,7216.50,7215.50,7240.50,7252.50,7230.50,TIMEOUT,1800,2.75,12.25,0.224490,4.50,3.25,180,1800,UNAVAILABLE,UNAVAILABLE,STRONG,0.00,CONFIRMED,HIGH,WEAK,YES
134,ESM6,2026-05-04T19:07:41.431Z,2026-05-04T15:07:41.431000-04:00,LONG,89.4%,BALANCE,ABSORPTION_RECLAIM,7228.25,7227.50,7216.25,7215.25,7240.25,7252.25,7230.50,TIMEOUT,1800,3.00,12.25,0.244898,4.25,3.50,180,1800,UNAVAILABLE,UNAVAILABLE,STRONG,0.00,CONFIRMED,HIGH,WEAK,YES
135,ESM6,2026-05-04T19:07:41.432Z,2026-05-04T15:07:41.432000-04:00,LONG,89.4%,BALANCE,ABSORPTION_RECLAIM,7228.00,7227.25,7216.00,7215.00,7240.00,7252.00,7230.50,TIMEOUT,1800,3.25,12.25,0.265306,4.00,3.75,180,1800,UNAVAILABLE,UNAVAILABLE,STRONG,0.00,CONFIRMED,HIGH,WEAK,YES
136,ESM6,2026-05-04T19:07:41.447Z,2026-05-04T15:07:41.447000-04:00,LONG,89.4%,BALANCE,ABSORPTION_RECLAIM,7228.00,7227.25,7216.00,7215.00,7240.00,7252.00,7230.50,TIMEOUT,1800,3.25,12.25,0.265306,4.00,3.75,180,1800,UNAVAILABLE,UNAVAILABLE,STRONG,0.00,CONFIRMED,HIGH,WEAK,YES
137,ESM6,2026-05-04T19:07:41.452Z,2026-05-04T15:07:41.452000-04:00,LONG,89.4%,BALANCE,ABSORPTION_RECLAIM,7227.75,7227.00,7215.75,7214.75,7239.75,7251.75,7230.50,TIMEOUT,1800,3.50,12.25,0.285714,3.75,4.00,180,1800,UNAVAILABLE,UNAVAILABLE,STRONG,0.25,CONFIRMED,HIGH,WEAK,YES
138,ESM6,2026-05-04T19:07:41.580Z,2026-05-04T15:07:41.580000-04:00,LONG,89.4%,BALANCE,ABSORPTION_RECLAIM,7227.75,7227.00,7215.75,7214.75,7239.75,7251.75,7230.50,TIMEOUT,1800,3.50,12.25,0.285714,3.75,4.00,180,1800,UNAVAILABLE,UNAVAILABLE,STRONG,0.25,CONFIRMED,HIGH,WEAK,YES
139,ESM6,2026-05-04T19:08:00.279Z,2026-05-04T15:08:00.279000-04:00,LONG,89.4%,BALANCE,ABSORPTION_RECLAIM,7227.75,7227.00,7215.75,7214.75,7239.75,7251.75,7231.00,TIMEOUT,1800,4.00,12.25,0.326531,3.75,4.25,180,1800,UNAVAILABLE,UNAVAILABLE,STRONG,0.50,CONFIRMED,HIGH,WEAK,YES
140,ESM6,2026-05-04T19:08:12.104Z,2026-05-04T15:08:12.104000-04:00,LONG,89.4%,BALANCE,ABSORPTION_RECLAIM,7228.50,7227.75,7216.50,7215.50,7240.50,7252.50,7231.25,TIMEOUT,1800,3.50,12.25,0.285714,4.50,3.50,180,1800,UNAVAILABLE,UNAVAILABLE,STRONG,0.00,CONFIRMED,HIGH,WEAK,YES
141,ESM6,2026-05-04T19:09:35.201Z,2026-05-04T15:09:35.201000-04:00,LONG,89.4%,BALANCE,ABSORPTION_RECLAIM,7228.50,7227.75,7216.75,7215.75,7240.25,7252.00,7229.75,TIMEOUT,1800,2.00,12.00,0.166667,4.50,3.75,180,1800,UNAVAILABLE,UNAVAILABLE,STRONG,0.00,CONFIRMED,HIGH,WEAK,YES
142,ESM6,2026-05-04T19:09:40.614Z,2026-05-04T15:09:40.614000-04:00,LONG,89.4%,BALANCE,ABSORPTION_RECLAIM,7228.50,7227.75,7216.75,7215.75,7240.25,7252.00,7229.25,TIMEOUT,1800,1.50,12.00,0.125000,4.50,3.75,180,1800,UNAVAILABLE,UNAVAILABLE,STRONG,0.00,CONFIRMED,HIGH,WEAK,YES
143,ESM6,2026-05-04T19:09:56.174Z,2026-05-04T15:09:56.174000-04:00,LONG,89.4%,BALANCE,ABSORPTION_RECLAIM,7228.50,7227.75,7216.75,7215.75,7240.25,7252.00,7229.00,TIMEOUT,1800,1.25,12.00,0.104167,4.50,3.75,180,1800,UNAVAILABLE,UNAVAILABLE,STRONG,0.00,CONFIRMED,HIGH,WEAK,YES
144,ESM6,2026-05-04T19:09:58.122Z,2026-05-04T15:09:58.122000-04:00,LONG,89.4%,BALANCE,ABSORPTION_RECLAIM,7228.25,7227.50,7216.50,7215.50,7240.00,7251.75,7228.75,TIMEOUT,1800,1.25,12.00,0.104167,4.25,4.00,180,1800,UNAVAILABLE,UNAVAILABLE,STRONG,0.00,CONFIRMED,HIGH,WEAK,YES
145,ESM6,2026-05-04T19:10:00.221Z,2026-05-04T15:10:00.221000-04:00,LONG,89.4%,BALANCE,ABSORPTION_RECLAIM,7227.75,7227.00,7216.00,7215.00,7239.50,7251.25,7228.75,TIMEOUT,1800,1.75,12.00,0.145833,3.75,4.50,180,1800,UNAVAILABLE,UNAVAILABLE,STRONG,0.75,CONFIRMED,HIGH,CONFIRMING,YES
146,ESM6,2026-05-04T19:10:02.461Z,2026-05-04T15:10:02.461000-04:00,LONG,89.4%,BALANCE,ABSORPTION_RECLAIM,7228.25,7227.50,7216.75,7215.75,7239.75,7251.25,7229.50,TIMEOUT,1800,2.00,11.75,0.170213,4.25,4.00,180,1800,UNAVAILABLE,UNAVAILABLE,STRONG,0.00,CONFIRMED,HIGH,WEAK,YES
147,ESM6,2026-05-04T19:10:03.831Z,2026-05-04T15:10:03.831000-04:00,LONG,89.4%,BALANCE,ABSORPTION_RECLAIM,7228.00,7227.25,7216.50,7215.50,7239.50,7251.00,7229.50,TIMEOUT,1800,2.25,11.75,0.191489,4.00,4.25,180,1800,UNAVAILABLE,UNAVAILABLE,STRONG,0.25,CONFIRMED,HIGH,WEAK,YES
148,ESM6,2026-05-04T19:11:03.504Z,2026-05-04T15:11:03.504000-04:00,LONG,89.4%,BALANCE,ABSORPTION_RECLAIM,7228.25,7227.50,7217.25,7216.25,7239.25,7250.25,7228.25,TIMEOUT,1800,0.75,11.25,0.066667,4.25,4.00,180,1800,UNAVAILABLE,UNAVAILABLE,STRONG,0.00,CONFIRMED,HIGH,WEAK,YES
149,ESM6,2026-05-04T19:11:08.687Z,2026-05-04T15:11:08.687000-04:00,LONG,89.4%,BALANCE,ABSORPTION_RECLAIM,7228.50,7227.75,7217.50,7216.50,7239.50,7250.50,7228.00,TIMEOUT,1800,0.25,11.25,0.022222,4.50,3.75,180,1800,UNAVAILABLE,UNAVAILABLE,STRONG,0.00,CONFIRMED,HIGH,WEAK,YES
150,ESM6,2026-05-04T19:11:12.707Z,2026-05-04T15:11:12.707000-04:00,LONG,89.4%,BALANCE,ABSORPTION_RECLAIM,7228.75,7228.00,7217.50,7216.50,7240.00,7251.25,7228.25,TIMEOUT,1800,0.25,11.50,0.021739,4.75,3.50,180,1800,UNAVAILABLE,UNAVAILABLE,STRONG,0.00,CONFIRMED,HIGH,WEAK,YES
151,ESM6,2026-05-04T19:11:15.053Z,2026-05-04T15:11:15.053000-04:00,LONG,89.4%,BALANCE,ABSORPTION_RECLAIM,7228.50,7227.75,7217.50,7216.50,7239.50,7250.50,7228.00,TIMEOUT,1800,0.25,11.25,0.022222,4.50,3.75,180,1800,UNAVAILABLE,UNAVAILABLE,STRONG,0.00,CONFIRMED,HIGH,WEAK,YES
152,ESM6,2026-05-04T19:11:15.544Z,2026-05-04T15:11:15.544000-04:00,LONG,89.4%,BALANCE,ABSORPTION_RECLAIM,7228.25,7227.50,7217.25,7216.25,7239.25,7250.25,7228.00,TIMEOUT,1800,0.50,11.25,0.044444,4.25,4.00,180,1800,UNAVAILABLE,UNAVAILABLE,STRONG,0.00,CONFIRMED,HIGH,WEAK,YES
153,ESM6,2026-05-04T19:11:15.847Z,2026-05-04T15:11:15.847000-04:00,LONG,89.4%,BALANCE,ABSORPTION_RECLAIM,7228.00,7227.25,7217.00,7216.00,7239.00,7250.00,7228.00,TIMEOUT,1800,0.75,11.25,0.066667,4.00,4.25,180,1800,UNAVAILABLE,UNAVAILABLE,STRONG,0.25,CONFIRMED,HIGH,WEAK,YES
154,ESM6,2026-05-04T19:11:16.485Z,2026-05-04T15:11:16.485000-04:00,LONG,89.4%,BALANCE,ABSORPTION_RECLAIM,7227.75,7227.00,7216.75,7215.75,7238.75,7249.75,7228.00,TIMEOUT,1800,1.00,11.25,0.088889,3.75,4.50,180,1800,UNAVAILABLE,UNAVAILABLE,STRONG,0.75,CONFIRMED,HIGH,CONFIRMING,YES
155,ESM6,2026-05-04T19:11:31.154Z,2026-05-04T15:11:31.154000-04:00,LONG,89.4%,BALANCE,ABSORPTION_RECLAIM,7228.25,7227.50,7217.25,7216.25,7239.25,7250.25,7227.25,TIMEOUT,1800,-0.25,11.25,-0.022222,4.25,4.00,180,1800,UNAVAILABLE,UNAVAILABLE,STRONG,0.00,CONFIRMED,HIGH,WEAK,YES
156,ESM6,2026-05-04T19:11:31.369Z,2026-05-04T15:11:31.369000-04:00,LONG,89.4%,BALANCE,ABSORPTION_RECLAIM,7228.00,7227.25,7217.00,7216.00,7239.00,7250.00,7227.25,TIMEOUT,1800,0.00,11.25,0.000000,4.00,4.25,180,1800,UNAVAILABLE,UNAVAILABLE,STRONG,0.25,CONFIRMED,HIGH,WEAK,YES
157,ESM6,2026-05-04T19:11:35.326Z,2026-05-04T15:11:35.326000-04:00,LONG,89.4%,BALANCE,ABSORPTION_RECLAIM,7227.75,7227.00,7216.75,7215.75,7238.75,7249.75,7227.25,TIMEOUT,1800,0.25,11.25,0.022222,3.75,4.50,180,1800,UNAVAILABLE,UNAVAILABLE,STRONG,0.75,CONFIRMED,HIGH,CONFIRMING,YES
158,ESM6,2026-05-04T19:12:42.586Z,2026-05-04T15:12:42.586000-04:00,LONG,89.4%,BALANCE,ABSORPTION_RECLAIM,7227.75,7227.00,7216.75,7215.75,7238.75,7249.75,7227.00,TIMEOUT,1800,0.00,11.25,0.000000,3.75,4.50,180,1800,UNAVAILABLE,UNAVAILABLE,STRONG,0.75,CONFIRMED,HIGH,CONFIRMING,YES
159,ESM6,2026-05-04T19:12:59.384Z,2026-05-04T15:12:59.384000-04:00,LONG,89.4%,BALANCE,ABSORPTION_RECLAIM,7228.50,7227.75,7217.50,7216.50,7239.50,7250.50,7227.75,TIMEOUT,1800,0.00,11.25,0.000000,4.50,3.75,180,1800,UNAVAILABLE,UNAVAILABLE,STRONG,0.00,CONFIRMED,HIGH,WEAK,YES
160,ESM6,2026-05-04T19:13:02.450Z,2026-05-04T15:13:02.450000-04:00,LONG,89.4%,BALANCE,ABSORPTION_RECLAIM,7228.50,7227.75,7217.50,7216.50,7239.50,7250.50,7227.25,TIMEOUT,1800,-0.50,11.25,-0.044444,4.50,3.75,180,1800,UNAVAILABLE,UNAVAILABLE,STRONG,0.00,CONFIRMED,HIGH,WEAK,YES
161,ESM6,2026-05-04T19:13:04.891Z,2026-05-04T15:13:04.891000-04:00,LONG,89.4%,BALANCE,ABSORPTION_RECLAIM,7228.25,7227.50,7217.25,7216.25,7239.25,7250.25,7227.25,TIMEOUT,1800,-0.25,11.25,-0.022222,4.25,4.00,180,1800,UNAVAILABLE,UNAVAILABLE,STRONG,0.00,CONFIRMED,HIGH,WEAK,YES
162,ESM6,2026-05-04T19:13:06.178Z,2026-05-04T15:13:06.178000-04:00,LONG,89.4%,BALANCE,ABSORPTION_RECLAIM,7228.00,7227.25,7217.00,7216.00,7239.00,7250.00,7227.25,TIMEOUT,1800,0.00,11.25,0.000000,4.00,4.25,180,1800,UNAVAILABLE,UNAVAILABLE,STRONG,0.25,CONFIRMED,HIGH,WEAK,YES
163,ESM6,2026-05-04T19:13:22.297Z,2026-05-04T15:13:22.297000-04:00,LONG,89.4%,BALANCE,ABSORPTION_RECLAIM,7228.50,7227.75,7217.50,7216.50,7239.50,7250.50,7227.25,TIMEOUT,1800,-0.50,11.25,-0.044444,4.50,3.75,180,1800,UNAVAILABLE,UNAVAILABLE,STRONG,0.00,CONFIRMED,HIGH,WEAK,YES
164,ESM6,2026-05-04T19:13:37.938Z,2026-05-04T15:13:37.938000-04:00,LONG,89.4%,BALANCE,ABSORPTION_RECLAIM,7228.50,7227.75,7217.50,7216.50,7239.50,7250.50,7227.00,TIMEOUT,1800,-0.75,11.25,-0.066667,4.50,3.75,180,1800,UNAVAILABLE,UNAVAILABLE,STRONG,0.00,CONFIRMED,HIGH,WEAK,YES
165,ESM6,2026-05-04T19:13:37.949Z,2026-05-04T15:13:37.949000-04:00,LONG,89.4%,BALANCE,ABSORPTION_RECLAIM,7228.25,7227.50,7217.25,7216.25,7239.25,7250.25,7227.00,TIMEOUT,1800,-0.50,11.25,-0.044444,4.25,4.00,180,1800,UNAVAILABLE,UNAVAILABLE,STRONG,0.00,CONFIRMED,HIGH,WEAK,YES
166,ESM6,2026-05-04T19:13:38.013Z,2026-05-04T15:13:38.013000-04:00,LONG,89.4%,BALANCE,ABSORPTION_RECLAIM,7228.00,7227.25,7217.00,7216.00,7239.00,7250.00,7227.00,TIMEOUT,1800,-0.25,11.25,-0.022222,4.00,4.25,180,1800,UNAVAILABLE,UNAVAILABLE,STRONG,0.25,CONFIRMED,HIGH,WEAK,YES
167,ESM6,2026-05-04T19:14:06.584Z,2026-05-04T15:14:06.584000-04:00,LONG,89.4%,BALANCE,ABSORPTION_RECLAIM,7228.50,7227.75,7217.25,7216.25,7239.75,7251.00,7226.50,TIMEOUT,1800,-1.25,11.50,-0.108696,4.50,3.75,180,1800,UNAVAILABLE,UNAVAILABLE,STRONG,0.00,CONFIRMED,HIGH,WEAK,YES
168,ESM6,2026-05-04T19:14:38.964Z,2026-05-04T15:14:38.964000-04:00,LONG,89.4%,BALANCE,ABSORPTION_RECLAIM,7228.50,7227.75,7217.50,7216.50,7239.50,7250.50,7227.00,TIMEOUT,1800,-0.75,11.25,-0.066667,4.50,3.75,180,1800,UNAVAILABLE,UNAVAILABLE,STRONG,0.00,CONFIRMED,HIGH,WEAK,YES
169,ESM6,2026-05-04T19:14:41.885Z,2026-05-04T15:14:41.885000-04:00,LONG,89.4%,BALANCE,ABSORPTION_RECLAIM,7228.25,7227.50,7217.25,7216.25,7239.25,7250.25,7227.25,TIMEOUT,1800,-0.25,11.25,-0.022222,4.25,4.00,180,1800,UNAVAILABLE,UNAVAILABLE,STRONG,0.00,CONFIRMED,HIGH,WEAK,YES
170,ESM6,2026-05-04T19:14:43.839Z,2026-05-04T15:14:43.839000-04:00,LONG,89.4%,BALANCE,ABSORPTION_RECLAIM,7228.25,7227.50,7217.25,7216.25,7239.25,7250.25,7227.25,TIMEOUT,1800,-0.25,11.25,-0.022222,4.25,4.00,180,1800,UNAVAILABLE,UNAVAILABLE,STRONG,0.00,CONFIRMED,HIGH,WEAK,YES
